filepath,multilabel,xmin,xmax,ymin,ymax
images/train\LiscensePlate-1-_jpg.rf.8c6f136a29651a9807ea824fc2a405f7.jpg,0,0.390625,0.6268518518518519,0.08125,0.10925925925925926
images/train\LiscensePlate-10-_jpg.rf.3aa898eafaebdc5808b5fe2079e84cb8.jpg,0,0.4140625,0.5226851851851851,0.084375,0.125
images/train\LiscensePlate-100-_jpg.rf.12485ce27b738673c9feb02bf9ac2b7c.jpg,0,0.4942708333333333,0.6722222222222223,0.08541666666666667,0.11851851851851852
images/train\LiscensePlate-101-_jpg.rf.22f32c3d72aeea4d06377bc550f852a5.jpg,0,0.40546875,0.6587962962962963,0.08177083333333333,0.11388888888888889
images/train\LiscensePlate-102-_jpg.rf.163610a8738b09a36c6145c2d4627d82.jpg,0,0.7505208333333333,0.24351851851851852,0.065625,0.04814814814814815
images/train\LiscensePlate-103-_jpg.rf.a1ead1fe676e366bc5f5827a8d7f7a16.jpg,0,0.39479166666666665,0.32407407407407407,0.07291666666666667,0.10925925925925926
images/train\LiscensePlate-104-_jpg.rf.731b99070fb57433d2ff3fde6f28100c.jpg,0,0.35598958333333336,0.4212962962962963,0.07760416666666667,0.1
images/train\LiscensePlate-105-_jpg.rf.3e34269d233e88dca5389a383241fc6c.jpg,0,0.38645833333333335,0.475,0.07604166666666666,0.10555555555555556
images/train\LiscensePlate-106-_jpg.rf.eeb65542d6395eb035267045f640251f.jpg,0,0.7611979166666667,0.18472222222222223,0.0546875,0.04351851851851852
images/train\LiscensePlate-107-_jpg.rf.9ce769bfd2da9ba8efa05d00d524bcdd.jpg,0,0.7328125,0.462037037037037,0.09583333333333334,0.07037037037037037
images/train\LiscensePlate-108-_jpg.rf.0829cd757b4a57139b07105d775da7a8.jpg,0,0.38567708333333334,0.4393518518518518,0.07760416666666667,0.11018518518518519
images/train\LiscensePlate-109-_jpg.rf.f22177eb0803e48613fe5756298dcaca.jpg,0,0.42942708333333335,0.41898148148148145,0.07760416666666667,0.11203703703703703
images/train\LiscensePlate-11-_jpg.rf.00c5c0c74f6135b12bb85fb425542e65.jpg,0,0.6510416666666666,0.3976851851851852,0.06875,0.04351851851851852
images/train\LiscensePlate-111-_jpg.rf.24441b611a09e2248c35bdd5428630d4.jpg,0,0.39895833333333336,0.4601851851851852,0.07604166666666666,0.10555555555555556
images/train\LiscensePlate-112-_jpg.rf.09cfcec263f2665a6a654fe2906caaaf.jpg,0,0.40078125,0.5782407407407407,0.0859375,0.12129629629629629
images/train\LiscensePlate-113-_jpg.rf.6f96613626b1f729443c80f2a4076126.jpg,0,0.4680989583333333,0.31319444444444444,0.06397395833333333,0.09243518518518519
images/train\LiscensePlate-114-_jpg.rf.31ecfec7ea849eb13ff3e7c009463af2.jpg,0,0.404828125,0.8241851851851852,0.10096875000000001,0.14220370370370372
images/train\LiscensePlate-115-_jpg.rf.fa1f878dcf80af3d4955259259941af8.jpg,0,0.37775,0.5260277777777778,0.08015104166666666,0.11008333333333334
images/train\LiscensePlate-116-_jpg.rf.880217e0a5da1ed94ca0c2fce2934959.jpg,0,0.4144583333333333,0.7936203703703704,0.09211458333333335,0.14033333333333334
images/train\LiscensePlate-117-_jpg.rf.6c9aa5c5fd9e81e79a005d78b1ead646.jpg,0,0.4041354166666667,0.7007314814814815,0.08708333333333333,0.12122222222222222
images/train\LiscensePlate-118-_jpg.rf.1870dbb816e7eaac25855e915f6307d4.jpg,0,0.37454166666666666,0.5352870370370371,0.07060416666666666,0.09774074074074074
images/train\LiscensePlate-119-_jpg.rf.162a4e7bb09e0b24259bbe759d1bff6d.jpg,0,0.4471822916666667,0.6041388888888889,0.07943229166666667,0.11322222222222222
images/train\LiscensePlate-12-_jpg.rf.a3ee6ea396494b5242e302742d5a4077.jpg,0,0.42713020833333337,0.7245092592592592,0.08829166666666667,0.11321296296296296
images/train\LiscensePlate-120-_jpg.rf.e327dc83266cdce15947e7f8af5714c9.jpg,0,0.3604791666666667,0.44328703703703703,0.07790104166666666,0.10632407407407407
images/train\LiscensePlate-121-_jpg.rf.71e57b3272dfc74078070b5943b6ed86.jpg,0,0.3747447916666667,0.5647592592592593,0.07718229166666667,0.11022222222222222
images/train\LiscensePlate-122-_jpg.rf.86551ef2ede15b7b6aa41a5fcd939b78.jpg,0,0.37341145833333333,0.7174074074074074,0.07980729166666665,0.11012037037037038
images/train\LiscensePlate-123-_jpg.rf.e0acb677713d49ecd390e6f109d69a8f.jpg,0,0.47911979166666663,0.6414537037037037,0.07455729166666666,0.10636111111111111
images/train\LiscensePlate-124-_jpg.rf.ed3904493077df1540879bf33970891c.jpg,0,0.48580208333333336,0.5054537037037037,0.07646875,0.10658333333333334
images/train\LiscensePlate-125-_jpg.rf.1a5fa64b3e41360310669138d1dc1f7b.jpg,0,0.449609375,0.42537962962962966,0.073875,0.10013888888888889
images/train\LiscensePlate-126-_jpg.rf.6f0acf73b7a6bacaf4e28b648d9f4771.jpg,0,0.4247916666666667,0.2972962962962963,0.067984375,0.10323148148148148
images/train\LiscensePlate-127-_jpg.rf.1004c7367e9192099726f90adfc8ef8b.jpg,0,0.4315572916666667,0.47658333333333336,0.07110416666666668,0.10255555555555557
images/train\LiscensePlate-128-_jpg.rf.081a23d3351c4f2a6bc3e1be71d65e00.jpg,0,0.4213177083333333,0.5056018518518518,0.07354166666666666,0.09762962962962962
images/train\LiscensePlate-129-_jpg.rf.ec0c61e1c4af79531890457c8ba91da5.jpg,0,0.43277604166666667,0.49437962962962956,0.07353645833333333,0.10296296296296296
images/train\LiscensePlate-13-_jpg.rf.c9eaed92278d77323e89331da91fa4c1.jpg,0,0.673359375,0.4142592592592592,0.04636979166666667,0.05567592592592593
images/train\LiscensePlate-130-_jpg.rf.67147f95c6403506f6d061bdddc06ef0.jpg,0,0.3158697916666667,0.8050462962962963,0.090765625,0.12243518518518517
images/train\LiscensePlate-131-_jpg.rf.4c3a7dc01344417491477b8e437877a2.jpg,0,0.42010416666666667,0.481212962962963,0.077359375,0.10811111111111112
images/train\LiscensePlate-132-_jpg.rf.c870e747b572e93aed0de6bffa53cb05.jpg,0,0.42097395833333334,0.44004629629629627,0.07284375000000001,0.10169444444444445
images/train\LiscensePlate-133-_jpg.rf.891b4c7aa99f7f09173ba839a5010cd5.jpg,0,0.45030729166666666,0.46237962962962964,0.069015625,0.10007407407407408
images/train\LiscensePlate-134-_jpg.rf.80533541a84265a78ed36e22ffc5f473.jpg,0,0.43598437500000004,0.28864814814814815,0.06641666666666667,0.09335185185185184
images/train\LiscensePlate-135-_jpg.rf.ad315859b25decb986fe5323dbda60b2.jpg,0,0.3289739583333333,0.72775,0.09093229166666666,0.13266666666666665
images/train\LiscensePlate-136-_jpg.rf.3ed41ad01a9bc932a6ecf9d4326ebbf7.jpg,0,0.3858229166666666,0.44513888888888886,0.07233854166666666,0.10262037037037038
images/train\LiscensePlate-137-_jpg.rf.35d4398131f939d38d5db1f551e2cd52.jpg,0,0.5190416666666666,0.5201203703703704,0.07732291666666667,0.1081388888888889
images/train\LiscensePlate-138-_jpg.rf.feb03fd931ce85b5917269a4b5d93b97.jpg,0,0.39771354166666667,0.5831018518518518,0.08048958333333332,0.1057037037037037
images/train\LiscensePlate-139-_jpg.rf.6656d7b2f6f50e028cccaf9647c86ba3.jpg,0,0.39823437500000003,0.4420462962962963,0.07528645833333333,0.10385185185185185
images/train\LiscensePlate-14-_jpg.rf.247e37889b541fad384fd13412cb82b3.jpg,0,0.7036874999999999,0.4809444444444444,0.06952604166666668,0.04275
images/train\LiscensePlate-140-_jpg.rf.310a797c15f19679decbbd6e6b30346d.jpg,0,0.423046875,0.2588796296296296,0.06658333333333334,0.09492592592592593
images/train\LiscensePlate-141-_jpg.rf.2ad7e47eb2e14346ed0b70120aaf995f.jpg,0,0.440578125,0.5420648148148147,0.07247916666666666,0.10758333333333334
images/train\LiscensePlate-142-_jpg.rf.839bb1a9e64bb2b9f851e14c0d3c867c.jpg,0,0.4171458333333333,0.4301851851851852,0.07353125,0.1005
images/train\LiscensePlate-143-_jpg.rf.afdbb2933aa02717973e536d650525f0.jpg,0,0.44200520833333334,0.691675925925926,0.09711458333333334,0.12794444444444444
images/train\LiscensePlate-144-_jpg.rf.6f24528951f521f99399219a4a876f70.jpg,0,0.4253072916666667,0.3754351851851852,0.07109375,0.09284259259259259
images/train\LiscensePlate-145-_jpg.rf.5fe5f50f6c3138dbfe47349f075bddfe.jpg,0,0.40864062500000004,0.32958333333333334,0.06277083333333333,0.08817592592592594
images/train\LiscensePlate-146-_jpg.rf.9bb8829b2bb4ce3af0463fec121f5437.jpg,0,0.415671875,0.46291666666666664,0.07578645833333333,0.09928703703703703
images/train\LiscensePlate-147-_jpg.rf.95a7bea0f89bd42a26610093b79b28d4.jpg,0,0.3963177083333333,0.5156666666666666,0.07353645833333333,0.09737962962962964
images/train\LiscensePlate-148-_jpg.rf.cbf32a6de497dd2398784689f6450518.jpg,0,0.4334635416666667,0.5636759259259259,0.07907812500000001,0.11007407407407407
images/train\LiscensePlate-149-_jpg.rf.9bcee7a4ea6c8ae127fb634e2a898705.jpg,0,0.429296875,0.47876851851851854,0.07282812500000001,0.10322222222222223
images/train\LiscensePlate-15-_jpg.rf.a9bbe2803879f623698c871cbef7f6f4.jpg,0,0.703671875,0.27092592592592596,0.04363020833333333,0.027203703703703702
images/train\LiscensePlate-150-_jpg.rf.9dacc9f1baae6db3c61dbc09c90406a3.jpg,0,0.4194375,0.4212037037037037,0.07151041666666667,0.09858333333333333
images/train\LiscensePlate-151-_jpg.rf.8582011d199db4f118895e1f192ea672.jpg,0,0.3916614583333333,0.5595092592592592,0.08106770833333334,0.11361111111111111
images/train\LiscensePlate-152-_jpg.rf.5ce8c6a0be1dfeb6472a8c0604cb498a.jpg,0,0.4291979166666666,0.60775,0.08061979166666666,0.10824074074074075
images/train\LiscensePlate-153-_jpg.rf.71d92639c9bc9cd7cb0c4f3b00856582.jpg,0,0.40619791666666666,0.47736111111111107,0.07368749999999999,0.11135185185185185
images/train\LiscensePlate-154-_jpg.rf.94ea0cdbc14d3d52c365863100e7c33d.jpg,0,0.405546875,0.8516018518518519,0.10102604166666666,0.13761111111111113
images/train\LiscensePlate-155-_jpg.rf.20e5349d3c081b1eaa41a7439c1fa074.jpg,0,0.43679166666666663,0.8539074074074074,0.08278645833333333,0.10519444444444444
images/train\LiscensePlate-156-_jpg.rf.c9f840a6ae2b5823707962f87909b9bd.jpg,0,0.4678229166666667,0.4511111111111111,0.07192708333333334,0.10052777777777777
images/train\LiscensePlate-157-_jpg.rf.e1141eca1fc62e85004ee05f7d0757ff.jpg,0,0.489515625,0.7441203703703704,0.08927604166666667,0.13792592592592592
images/train\LiscensePlate-158-_jpg.rf.8b584865e048a0ed653e95b1a56cb2d0.jpg,0,0.329171875,0.4295,0.07588541666666666,0.09897222222222223
images/train\LiscensePlate-159-_jpg.rf.030f3707b05c61e2e7896cba2b5de43c.jpg,0,0.37875520833333337,0.512287037037037,0.07478125000000001,0.10481481481481482
images/train\LiscensePlate-16-_jpg.rf.e8f120896cde51af2ced44d3ecbc6bc0.jpg,0,0.4192239583333333,0.2971111111111111,0.064578125,0.09576851851851853
images/train\LiscensePlate-160-_jpg.rf.a7dc0e21bc1b100da9603d4a822eb47e.jpg,0,0.45208333333333334,0.7842592592592592,0.1,0.14629629629629629
images/train\LiscensePlate-161-_jpg.rf.b3459c5057649191513e6a91fd76895f.jpg,0,0.47604166666666664,0.5342592592592592,0.07916666666666666,0.12407407407407407
images/train\LiscensePlate-162-_jpg.rf.3db3e0a9846b51549667878084c6c8fc.jpg,0,0.4083333333333333,0.6888888888888889,0.08333333333333333,0.1259259259259259
images/train\LiscensePlate-163-_jpg.rf.4f33bfc2507cb3ced798317dcf303488.jpg,0,0.38125,0.5398148148148149,0.07916666666666666,0.10185185185185185
images/train\LiscensePlate-164-_jpg.rf.d18020552ebe697b0b9490b4b51350ca.jpg,0,0.42239583333333336,0.2851851851851852,0.06979166666666667,0.08888888888888889
images/train\LiscensePlate-165-_jpg.rf.1982f00d066353d86062e7ea78a053ae.jpg,0,0.3536458333333333,0.49537037037037035,0.07395833333333333,0.10185185185185185
images/train\LiscensePlate-166-_jpg.rf.c5365c110a144a16796d8786b3520f77.jpg,0,0.37552083333333336,0.687962962962963,0.08645833333333333,0.12777777777777777
images/train\LiscensePlate-167-_jpg.rf.a037925847d013d9524d56d5fd7702a7.jpg,0,0.4109375,0.5416666666666666,0.078125,0.11296296296296296
images/train\LiscensePlate-168-_jpg.rf.4722255e7f5e6bd8f60022516da8ae9a.jpg,0,0.42665624999999996,0.5153425925925926,0.07454166666666667,0.09329629629629631
images/train\LiscensePlate-169-_jpg.rf.b41a38bcf2bbc46d448c5d335c61ee06.jpg,0,0.40640624999999997,0.5085092592592593,0.07206770833333334,0.10755555555555556
images/train\LiscensePlate-17-_jpg.rf.d806b741dc4721ab08c3b9821bd40afb.jpg,0,0.42420833333333335,0.17774074074074075,0.060223958333333334,0.0885
images/train\LiscensePlate-170-_jpg.rf.cd1216d03eb9aae970a86cbbe7f99db0.jpg,0,0.440171875,0.6434722222222222,0.073296875,0.09823148148148149
images/train\LiscensePlate-171-_jpg.rf.c12260888a2ebecf8ef820f9103a01e6.jpg,0,0.436078125,0.5063055555555555,0.07553125000000001,0.10431481481481482
images/train\LiscensePlate-172-_jpg.rf.c4c19f15eb88e870fbb59b48e305658b.jpg,0,0.4163645833333333,0.5071851851851852,0.070328125,0.10078703703703704
images/train\LiscensePlate-173-_jpg.rf.131cd6ad3454fd14d40e1b6c96729950.jpg,0,0.4042135416666667,0.6849351851851851,0.08769270833333334,0.12295370370370369
images/train\LiscensePlate-174-_jpg.rf.03fe30263fa1e14bef630470a4063716.jpg,0,0.7062447916666666,0.19248148148148148,0.054848958333333336,0.040157407407407406
images/train\LiscensePlate-175-_jpg.rf.df91bcaa09f83c4f7cae4745b451f520.jpg,0,0.43620312499999997,0.46197222222222223,0.07131249999999999,0.09237962962962963
images/train\LiscensePlate-176-_jpg.rf.586a332aff2a43dc80c8bc557e68bcc3.jpg,0,0.7407135416666667,0.25225000000000003,0.046406249999999996,0.06710185185185186
images/train\LiscensePlate-177-_jpg.rf.6093ab4f10eb579c913a888e40d53a07.jpg,0,0.46211458333333333,0.5129166666666667,0.07403124999999999,0.10696296296296295
images/train\LiscensePlate-178-_jpg.rf.2e8ec0a06b8631c9c564838b8d2ed76c.jpg,0,0.4616197916666666,0.6297962962962963,0.07304166666666667,0.11321296296296296
images/train\LiscensePlate-179-_jpg.rf.256f536b1237c2538151396c7e3595db.jpg,0,0.33255208333333336,0.31928703703703704,0.06936979166666667,0.09537037037037037
images/train\LiscensePlate-18-_jpg.rf.765be3c8c0111a3c776d9d9a907554f1.jpg,0,0.35933333333333334,0.6839074074074074,0.07891145833333332,0.1008425925925926
images/train\LiscensePlate-180-_jpg.rf.c71d420dacbee64de4b16857036a9b23.jpg,0,0.3798333333333333,0.4479166666666667,0.07598437499999999,0.09706481481481481
images/train\LiscensePlate-181-_jpg.rf.eb32f76dce372460b03efe8275c8838a.jpg,0,0.496953125,0.4491851851851852,0.07377083333333333,0.10912962962962963
images/train\LiscensePlate-182-_jpg.rf.e9d97090fa37cdb5a88367481e028a6e.jpg,0,0.4333489583333333,0.5878981481481481,0.07900520833333333,0.10877777777777778
images/train\LiscensePlate-183-_jpg.rf.fdc86d7a6a17a2cc34c63702f5f9d458.jpg,0,0.4071927083333333,0.49946296296296294,0.0728125,0.09857407407407406
images/train\LiscensePlate-184-_jpg.rf.170505581e202c1954fadda3e90e5bed.jpg,0,0.394421875,0.48865740740740743,0.075546875,0.09548148148148149
images/train\LiscensePlate-185-_jpg.rf.ccb4a10ee936d9196141253813f321f0.jpg,0,0.3352760416666667,0.46131481481481484,0.08077604166666667,0.10958333333333332
images/train\LiscensePlate-186-_jpg.rf.399d20dce3e4e3f438c466d4df7306f8.jpg,0,0.3797916666666667,0.8378888888888889,0.08200520833333333,0.10347222222222222
images/train\LiscensePlate-187-_jpg.rf.aae81b167ee5fa3eaa6719c0611bb8ea.jpg,0,0.38859375,0.4551388888888889,0.07430729166666666,0.09722222222222222
images/train\LiscensePlate-188-_jpg.rf.9863cad3bcfc1e82becfab4c9744bcce.jpg,0,0.4538072916666666,0.4361759259259259,0.07676562499999999,0.11221296296296296
images/train\LiscensePlate-189-_jpg.rf.44b307d5deb456a0b2c18e7813b79f2b.jpg,0,0.3464375,0.5762129629629629,0.07035416666666668,0.09862962962962962
images/train\LiscensePlate-19-_jpg.rf.60d313e5c9260dbe081a9dd3190153cd.jpg,0,0.43744791666666666,0.3997777777777778,0.07498958333333333,0.11127777777777778
images/train\LiscensePlate-190-_jpg.rf.a982643dc70df92eca5fe6b77386d541.jpg,0,0.3835104166666667,0.4185277777777778,0.07753125000000001,0.10866666666666666
images/train\LiscensePlate-191-_jpg.rf.44e914223b97688f2264fc991b675005.jpg,0,0.41661458333333334,0.4458796296296296,0.07380208333333332,0.09457407407407407
images/train\LiscensePlate-192-_jpg.rf.5e34e37aaf1837333635a57fd6a99d6e.jpg,0,0.44141145833333334,0.7008148148148148,0.084703125,0.11237962962962963
images/train\LiscensePlate-193-_jpg.rf.3e839980b24ebf0b2bdfdbe4b3ffe5b1.jpg,0,0.3618125,0.4555833333333333,0.07134375,0.09811111111111111
images/train\LiscensePlate-194-_jpg.rf.fd0aa54b47d485e7180d840c7dd9d7aa.jpg,0,0.40470833333333334,0.6218611111111111,0.070828125,0.09733333333333334
images/train\LiscensePlate-195-_jpg.rf.421fbf21e9927cdde93b6e3a022be69d.jpg,0,0.47785937500000003,0.44675925925925924,0.07427604166666667,0.11750925925925926
images/train\LiscensePlate-196-_jpg.rf.3460592e23a33372b06aca3ec70132f7.jpg,0,0.47563020833333336,0.5113796296296296,0.07278645833333333,0.11181481481481483
images/train\LiscensePlate-197-_jpg.rf.8551e990cee5f66e52eb36f19bd2e539.jpg,0,0.7192604166666666,0.36868518518518517,0.058562499999999997,0.09363888888888888
images/train\LiscensePlate-198-_jpg.rf.fcc48475feedadb413049b8ba9c8bf0a.jpg,0,0.409671875,0.4368333333333333,0.07777083333333333,0.1055925925925926
images/train\LiscensePlate-199-_jpg.rf.8d50f39b4729cb0d7aaeb078d1dadd03.jpg,0,0.745296875,0.2021851851851852,0.05706770833333333,0.043694444444444445
images/train\LiscensePlate-2-_jpg.rf.d330c64097f29b6eeb7937e4751f388b.jpg,0,0.3797291666666667,0.5284907407407408,0.07543229166666668,0.10482407407407407
images/train\LiscensePlate-20-_jpg.rf.17e3e10b9bd834e668962e26ab9b32de.jpg,0,0.35033333333333333,0.6365462962962963,0.08174479166666666,0.12416666666666666
images/train\LiscensePlate-200-_jpg.rf.0f38a1bf9a1034206209e60803663339.jpg,0,0.33875,0.4910833333333333,0.0758125,0.10827777777777778
images/train\LiscensePlate-201-_jpg.rf.575d0f667047967cde6d41efc9f9acba.jpg,0,0.64078125,0.3975740740740741,0.06380208333333333,0.04293518518518518
images/train\LiscensePlate-202-_jpg.rf.4a274f2b5565929e2901d1c820006891.jpg,0,0.66384375,0.34023148148148147,0.053375,0.039370370370370375
images/train\LiscensePlate-203-_jpg.rf.f2e3ed0ba126e167c0e8fff6e17944c3.jpg,0,0.37740104166666666,0.4142592592592592,0.07320833333333333,0.10012962962962962
images/train\LiscensePlate-204-_jpg.rf.cb9943bb61fcb991f3ac034e7a56a819.jpg,0,0.74690625,0.4921851851851851,0.097484375,0.07607407407407407
images/train\LiscensePlate-205-_jpg.rf.b376952fb6ee377b8bb67c9eb3045861.jpg,0,0.4528177083333333,0.5998055555555555,0.08370833333333333,0.12201851851851853
images/train\LiscensePlate-206-_jpg.rf.f39d7dc3f86f637eb99b7d568cc63ede.jpg,0,0.47166145833333334,0.532324074074074,0.07675520833333334,0.11403703703703703
images/train\LiscensePlate-207-_jpg.rf.fb60ac3e06246141499dbfa6c168edb0.jpg,0,0.38140104166666666,0.6761111111111111,0.09266145833333334,0.1317685185185185
images/train\LiscensePlate-208-_jpg.rf.75569b10253233d3a4cf0aab9c463138.jpg,0,0.4126458333333333,0.5201944444444444,0.08074479166666666,0.11358333333333334
images/train\LiscensePlate-209-_jpg.rf.61604683fc355942e9748eae296f1151.jpg,0,0.3986354166666667,0.5905462962962963,0.081,0.10877777777777778
images/train\LiscensePlate-21-_jpg.rf.7f3cbd120d23add735fe736df23f61ce.jpg,0,0.45566666666666666,0.7206296296296296,0.0866875,0.1233611111111111
images/train\LiscensePlate-210-_jpg.rf.7b3b49e6b224a4059a450f17a6206604.jpg,0,0.7640260416666667,0.07503703703703704,0.04244270833333333,0.038092592592592595
images/train\LiscensePlate-211-_jpg.rf.3b179058465f1da89c7a8ff10469b70c.jpg,0,0.428140625,0.5746666666666667,0.08346875,0.11935185185185186
images/train\LiscensePlate-212-_jpg.rf.bcd9e18ca290395b3661202eac14b0bc.jpg,0,0.3589583333333334,0.4674907407407407,0.07010416666666666,0.09547222222222222
images/train\LiscensePlate-213-_jpg.rf.76efa935bea13e79ce628383d1868120.jpg,0,0.356109375,0.4269074074074074,0.07183854166666667,0.09897222222222223
images/train\LiscensePlate-214-_jpg.rf.ba3b0e328759e3310996e19f0f620779.jpg,0,0.36478645833333334,0.2200462962962963,0.06241666666666667,0.08207407407407408
images/train\LiscensePlate-215-_jpg.rf.c78d3dc0380fe4c66c55f4381f500226.jpg,0,0.4003697916666667,0.6328888888888888,0.08446875000000001,0.12468518518518518
images/train\LiscensePlate-216-_jpg.rf.7b4263aff5f21c070658c13eb60065da.jpg,0,0.7599322916666666,0.2083611111111111,0.0416875,0.05075
images/train\LiscensePlate-217-_jpg.rf.1544817070ee65a78bcb24d6ae3511f8.jpg,0,0.42392708333333334,0.471462962962963,0.0720625,0.10340740740740742
images/train\LiscensePlate-218-_jpg.rf.4a2d9b7b6bfde7c59b92959cb6d10ed7.jpg,0,0.39131770833333335,0.5226203703703703,0.07678645833333334,0.09991666666666667
images/train\LiscensePlate-219-_jpg.rf.963c45fd059565fba5573659ff7a9eff.jpg,0,0.4028333333333334,0.44914814814814813,0.07302604166666667,0.09583333333333334
images/train\LiscensePlate-22-_jpg.rf.967dfa57ed509953002a8d786856aa17.jpg,0,0.3407864583333333,0.6656851851851853,0.091296875,0.1292037037037037
images/train\LiscensePlate-220-_jpg.rf.7318fd0115d280c6d934748bb637f155.jpg,0,0.37520312499999997,0.626712962962963,0.08026562500000001,0.11762962962962964
images/train\LiscensePlate-221-_jpg.rf.d0fdc008b978435003039e63425465e0.jpg,0,0.3794166666666667,0.4608703703703704,0.07679166666666666,0.09811111111111111
images/train\LiscensePlate-222-_jpg.rf.ad6e36a58d3323c828eba24dfc3c9c2b.jpg,0,0.48505208333333333,0.4441111111111111,0.07080208333333333,0.09633333333333334
images/train\LiscensePlate-223-_jpg.rf.787269b12fc69de18ca7e3b1697eb715.jpg,0,0.44128125,0.4226018518518519,0.071796875,0.10569444444444445
images/train\LiscensePlate-224-_jpg.rf.81dbd2849af5d5297f03678e53c67d62.jpg,0,0.7546302083333334,0.1463611111111111,0.052661458333333334,0.0439537037037037
images/train\LiscensePlate-225-_jpg.rf.eb38dea2a55d742231b8dc31e3cb287c.jpg,0,0.3225520833333333,0.6575462962962962,0.07183854166666667,0.0867037037037037
images/train\LiscensePlate-226-_jpg.rf.3558622010b8a3207f8fa762ec575abd.jpg,0,0.39363020833333334,0.5215555555555556,0.07754166666666666,0.10915740740740741
images/train\LiscensePlate-227-_jpg.rf.820f8b13621db9e5ce87afac787f9e87.jpg,0,0.3794166666666667,0.44212962962962965,0.07083854166666666,0.09500925925925927
images/train\LiscensePlate-228-_jpg.rf.13e63d39869bc417c7dec4902b6f729d.jpg,0,0.4029739583333333,0.1713611111111111,0.05545833333333334,0.09580555555555556
images/train\LiscensePlate-229-_jpg.rf.216173fcff585ea595c42fadf6bfc375.jpg,0,0.44265104166666663,0.31355555555555553,0.06635416666666667,0.10507407407407408
images/train\LiscensePlate-23-_jpg.rf.20a9494d6505130d73e13c08e3efb117.jpg,0,0.42030208333333335,0.7902407407407408,0.09667708333333333,0.13525925925925927
images/train\LiscensePlate-230-_jpg.rf.1c9feffb1f33e0985c96b60411ac16c2.jpg,0,0.40694270833333335,0.5689351851851853,0.07827083333333333,0.0972962962962963
images/train\LiscensePlate-231-_jpg.rf.1fbf0e62b08cfe8f42d05103703f6f86.jpg,0,0.3971458333333333,0.5867962962962963,0.081,0.10392592592592592
images/train\LiscensePlate-232-_jpg.rf.a9ed08627b7a94c58613267e5f3fb30c.jpg,0,0.417109375,0.5074074074074074,0.07777083333333333,0.09858333333333333
images/train\LiscensePlate-233-_jpg.rf.b79c34f9589bd4134662f65ba0ebb0b1.jpg,0,0.3570989583333333,0.4630740740740741,0.07382291666666667,0.09193518518518519
images/train\LiscensePlate-234-_jpg.rf.9f4774864d2e3c6a287e5fc9c7337b24.jpg,0,0.36627604166666666,0.3296574074074074,0.06836458333333333,0.09758333333333333
images/train\LiscensePlate-235-_jpg.rf.a6af47e9831c68215f0671d6cb031150.jpg,0,0.44327083333333334,0.6992685185185186,0.08693229166666666,0.12252777777777779
images/train\LiscensePlate-236-_jpg.rf.8f0635dda31ec1f8bb93f085295aaf9d.jpg,0,0.4614947916666667,0.5263703703703704,0.07725520833333334,0.11006481481481482
images/train\LiscensePlate-237-_jpg.rf.a22f64fdf10986133a2a790681c24542.jpg,0,0.47141145833333337,0.6152407407407408,0.079234375,0.11056481481481481
images/train\LiscensePlate-238-_jpg.rf.de0717c7336e6f2732e69e743df9c371.jpg,0,0.6395416666666667,0.4178611111111111,0.064296875,0.046481481481481485
images/train\LiscensePlate-239-_jpg.rf.ec2dcc38ae601a12562235a47f9eb8b1.jpg,0,0.4422760416666666,0.5124722222222222,0.07007291666666667,0.0955
images/train\LiscensePlate-24-_jpg.rf.cb3e945c6d2dceef797ac9651b4719ad.jpg,0,0.44384375,0.8063888888888888,0.09558333333333334,0.1490462962962963
images/train\LiscensePlate-240-_jpg.rf.ee54419cb6bab3c1fc34413f624eb91b.jpg,0,0.4334739583333333,0.4895462962962963,0.077765625,0.10253703703703704
images/train\LiscensePlate-241-_jpg.rf.b0037da383723622468f5c6c44b4431c.jpg,0,0.43868229166666667,0.6880185185185185,0.07627083333333333,0.10796296296296296
images/train\LiscensePlate-243-_jpg.rf.9f819e126dd6acc221957d88eaa77e84.jpg,0,0.42380208333333336,0.43330555555555555,0.07925520833333333,0.10382407407407407
images/train\LiscensePlate-244-_jpg.rf.6c9f9270f40e2e03226718b3ec6732b1.jpg,0,0.36391666666666667,0.89125,0.09787499999999999,0.1414074074074074
images/train\LiscensePlate-245-_jpg.rf.9de7bb73279abb7ab23eeefd97f29668.jpg,0,0.4204583333333333,0.5034351851851853,0.07107291666666667,0.10122222222222221
images/train\LiscensePlate-246-_jpg.rf.8185511577c24f7181f3574b7915015b.jpg,0,0.4530625,0.7524166666666667,0.07825,0.10447222222222222
images/train\LiscensePlate-247-_jpg.rf.ded58b85e8d678fee9f4bf2980b81fbf.jpg,0,0.6236666666666667,0.41368518518518516,0.07719791666666667,0.1148425925925926
images/train\LiscensePlate-248-_jpg.rf.ca04f3bf6970ebe6c03b15b4026c78ce.jpg,0,0.39814062499999997,0.45778703703703705,0.07405729166666666,0.10251851851851852
images/train\LiscensePlate-249-_jpg.rf.05fd3bf0599b1cd40a99c6993721b930.jpg,0,0.39764583333333337,0.47520370370370374,0.0730625,0.09767592592592592
images/train\LiscensePlate-25-_jpg.rf.b1e884bbebd2768fb420aec4bfb0ccfd.jpg,0,0.6717760416666666,0.4067222222222222,0.063171875,0.0441574074074074
images/train\LiscensePlate-250-_jpg.rf.e64654783e47c090eaab17c1f8dfa139.jpg,0,0.36044791666666665,0.6485462962962962,0.08497916666666666,0.11631481481481482
images/train\LiscensePlate-251-_jpg.rf.f566c45fc53f1e192a1eab8de069eece.jpg,0,0.4226875,0.5757685185185185,0.07851041666666667,0.12420370370370369
images/train\LiscensePlate-252-_jpg.rf.39a347524008eff9e3c2027af11f512d.jpg,0,0.45033854166666665,0.4569074074074074,0.07875,0.11134259259259259
images/train\LiscensePlate-253-_jpg.rf.9f66b66870ed384e9b038710c164e091.jpg,0,0.7465364583333333,0.20086111111111113,0.056567708333333334,0.041046296296296296
images/train\LiscensePlate-254-_jpg.rf.1364013822ecc2448ad3239e5e44544d.jpg,0,0.40024479166666665,0.5210833333333333,0.07678125,0.11005555555555556
images/train\LiscensePlate-255-_jpg.rf.e2fd67d495b422b4accad896bddfd1f8.jpg,0,0.41115625,0.3991203703703704,0.06586979166666666,0.09630555555555556
images/train\LiscensePlate-256-_jpg.rf.350ab55b4870b899cee13b9fae738576.jpg,0,0.7345104166666666,0.18762962962962962,0.06079166666666667,0.04633333333333333
images/train\LiscensePlate-257-_jpg.rf.7fdbbdb081f970b7fcd9e994047df8a4.jpg,0,0.40979166666666667,0.5336481481481482,0.07653125,0.10080555555555556
images/train\LiscensePlate-258-_jpg.rf.9e4bcebf122047f1882be7648bd88624.jpg,0,0.3764427083333333,0.7693240740740741,0.09464583333333333,0.13564814814814816
images/train\LiscensePlate-259-_jpg.rf.3778edcc4b5d27bcb8e73f7edcd1f06a.jpg,0,0.38809375,0.5138055555555555,0.07926562499999999,0.10873148148148148
images/train\LiscensePlate-26-_jpg.rf.daedaeca6ddb06063f0d010e59a13a66.jpg,0,0.6620104166666666,0.5573703703703704,0.08791145833333333,0.051472222222222225
images/train\LiscensePlate-260-_jpg.rf.819c2e3447ad680001168c6ca06e7137.jpg,0,0.4371927083333333,0.6178888888888889,0.07627604166666666,0.10526851851851851
images/train\LiscensePlate-261-_jpg.rf.b82cd28863a698378d3e6f0bc44f0932.jpg,0,0.4223177083333333,0.497037037037037,0.06735416666666666,0.09107407407407407
images/train\LiscensePlate-262-_jpg.rf.061c21bc8e1722db16b2bf2b60050ade.jpg,0,0.4193385416666667,0.4542592592592593,0.07628125000000001,0.11134259259259259
images/train\LiscensePlate-263-_jpg.rf.617a27a7aba58dd4208424177cd71a27.jpg,0,0.4357083333333333,0.7882407407407407,0.08222395833333333,0.12587037037037035
images/train\LiscensePlate-264-_jpg.rf.4a574194c6b2707a1ad429defd0c6b0d.jpg,0,0.3618125,0.5327685185185185,0.07729166666666668,0.10433333333333333
images/train\LiscensePlate-265-_jpg.rf.35eb49147a6fe80addc49351c3be5e8b.jpg,0,0.36454166666666665,0.6399444444444444,0.07382291666666667,0.09116666666666666
images/train\LiscensePlate-266-_jpg.rf.39b16558ec8fe6f00c63354dffb2cc08.jpg,0,0.7598072916666666,0.18696296296296294,0.04888020833333333,0.04236111111111111
images/train\LiscensePlate-267-_jpg.rf.c556d3e193cad6e4c9e01d7f5d754172.jpg,0,0.369,0.4472037037037037,0.08572395833333334,0.10250925925925926
images/train\LiscensePlate-268-_jpg.rf.cec6b6208a27da0a02a6649a4384b23e.jpg,0,0.39330208333333333,0.39294444444444443,0.07480208333333334,0.09983333333333333
images/train\LiscensePlate-269-_jpg.rf.21f18e298cd516e9909e000e1f124ab3.jpg,0,0.39441666666666664,0.6538425925925926,0.08149479166666666,0.11102777777777778
images/train\LiscensePlate-27-_jpg.rf.2ae8d44a93570a4eb60a0f4ca61107ee.jpg,0,0.7224427083333332,0.26894444444444443,0.04080729166666666,0.02322222222222222
images/train\LiscensePlate-270-_jpg.rf.4b6e6f4315d832a79d70775ef4e524a3.jpg,0,0.4250416666666667,0.7777407407407407,0.09363541666666667,0.1366111111111111
images/train\LiscensePlate-271-_jpg.rf.bec5c204acf00a216fb75ee43758853a.jpg,0,0.43843229166666664,0.6690555555555556,0.08768229166666666,0.13352777777777777
images/train\LiscensePlate-272-_jpg.rf.d2917dd75b7b2c0a68acdf3f3ca166a7.jpg,0,0.40198437499999995,0.7286018518518519,0.07430208333333334,0.10975
images/train\LiscensePlate-273-_jpg.rf.96b3bcaf266991009426be9d517e0709.jpg,0,0.41921354166666663,0.6152500000000001,0.08347395833333333,0.12114814814814816
images/train\LiscensePlate-274-_jpg.rf.a7619f6e0774a97071831c1a7f7d8d76.jpg,0,0.35040625,0.6167870370370371,0.081265625,0.111
images/train\LiscensePlate-275-_jpg.rf.fa4fec4c6ac7f822b4c0d398df4f6412.jpg,0,0.4374427083333333,0.6134814814814814,0.07677083333333333,0.11232407407407408
images/train\LiscensePlate-276-_jpg.rf.5b9a32a980426ec82c242905956be3be.jpg,0,0.33180729166666667,0.6461203703703703,0.085734375,0.12469444444444443
images/train\LiscensePlate-277-_jpg.rf.78b290a9d64b18c8995b074788aee8ea.jpg,0,0.76340625,0.1455925925925926,0.04863541666666667,0.04162962962962963
images/train\LiscensePlate-278-_jpg.rf.58ab682538f7113f57f23db75b399f95.jpg,0,0.7634010416666667,0.14780555555555555,0.048630208333333334,0.04869444444444445
images/train\LiscensePlate-279-_jpg.rf.05a5684f0ea3dd6960ba3ef8e8617ee0.jpg,0,0.7637708333333334,0.17421296296296296,0.050859375000000005,0.04596296296296296
images/train\LiscensePlate-28-_jpg.rf.8222df74b689ab764caa8e9a3cb4f11c.jpg,0,0.39730208333333333,0.45575,0.07672395833333333,0.11442592592592593
images/train\LiscensePlate-280-_jpg.rf.b186e32172a638a2bdc249087b029c11.jpg,0,0.7253333333333334,0.49130555555555555,0.09600520833333334,0.07431481481481482
images/train\LiscensePlate-281-_jpg.rf.cbc5c8131c8c8ed31b9bcf19137252a5.jpg,0,0.3677604166666667,0.5160092592592592,0.07729166666666668,0.10785185185185185
images/train\LiscensePlate-282-_jpg.rf.033522f1caeb8b7d9b1d4bca754fd557.jpg,0,0.432359375,0.5669537037037037,0.07999479166666666,0.11714814814814814
images/train\LiscensePlate-283-_jpg.rf.498d28767f859b1e2ad33d6c52a90779.jpg,0,0.435953125,0.5067407407407407,0.07081770833333333,0.09990740740740742
images/train\LiscensePlate-284-_jpg.rf.70b137b0a785ea14564e26cd34f443bd.jpg,0,0.424921875,0.4910833333333333,0.07107291666666667,0.09768518518518518
images/train\LiscensePlate-285-_jpg.rf.06a1b46413e71e9ce77cbef086eedaef.jpg,0,0.7352552083333334,0.11557407407407407,0.050374999999999996,0.03978703703703704
images/train\LiscensePlate-286-_jpg.rf.8acc01a057c6c59760f2a2b48b490077.jpg,0,0.44686458333333334,0.48777777777777775,0.07478125000000001,0.10430555555555555
images/train\LiscensePlate-287-_jpg.rf.8f63b6e8ec6b2c05660f7b64db026413.jpg,0,0.3970208333333333,0.665962962962963,0.07926562499999999,0.10088888888888889
images/train\LiscensePlate-287-_jpg.rf.f23ad4881caf132a4bd24a88c076be21.jpg,0,0.396875,0.6675925925925926,0.075,0.09259259259259259
images/train\LiscensePlate-288-_jpg.rf.202d6d3e293085536a7e367ce1342879.jpg,0,0.38809375,0.649425925925926,0.08521875,0.11278703703703703
images/train\LiscensePlate-288-_jpg.rf.92d937fb798a59812c31aa39f3f2ded1.jpg,0,0.3890625,0.649074074074074,0.08020833333333334,0.10185185185185185
images/train\LiscensePlate-289-_jpg.rf.202e7ea6cfd3a1d478b5b3a8b41acf0d.jpg,0,0.4002604166666667,0.5361111111111111,0.0703125,0.08703703703703704
images/train\LiscensePlate-289-_jpg.rf.80ea839b95a030d774e6a921e1ea3a1d.jpg,0,0.39900520833333336,0.5327685185185185,0.07430208333333334,0.10433333333333333
images/train\LiscensePlate-29-_jpg.rf.eb98bf2abbf836c9a06e416b176d19d8.jpg,0,0.40859375,0.7522685185185186,0.09279166666666666,0.1380185185185185
images/train\LiscensePlate-290-_jpg.rf.7d137f1d3abb6835d0fa148daa4c5cea.jpg,0,0.3802083333333333,0.5745370370370371,0.06979166666666667,0.08981481481481482
images/train\LiscensePlate-290-_jpg.rf.d00a8017f6ce78692280cd544fb463ec.jpg,0,0.38090625,0.5748796296296297,0.07083854166666666,0.08539814814814815
images/train\LiscensePlate-291-_jpg.rf.7a186f2a4f550347216efddbc6a2c45e.jpg,0,0.7603020833333333,0.1394074074074074,0.04689583333333334,0.039842592592592596
images/train\LiscensePlate-291-_jpg.rf.e7f10d19dffd7e812393802537c991cf.jpg,0,0.7604166666666666,0.1375,0.046875,0.032407407407407406
images/train\LiscensePlate-292-_jpg.rf.7e86dc0f3097a65d399ffbf2e7b66d0e.jpg,0,0.436453125,0.2798148148148148,0.06288541666666667,0.08255555555555555
images/train\LiscensePlate-292-_jpg.rf.e2e839911d84a617f55dbc3e01489c43.jpg,0,0.4348958333333333,0.28194444444444444,0.06145833333333333,0.0824074074074074
images/train\LiscensePlate-293-_jpg.rf.260eacd783554c8b27c3b6b448fc67e2.jpg,0,0.37864583333333335,0.4412037037037037,0.07291666666666667,0.09351851851851851
images/train\LiscensePlate-293-_jpg.rf.df8aad5952fa7477e2fcfa8aaa68426c.jpg,0,0.378796875,0.4397037037037037,0.07108854166666667,0.10338888888888889
images/train\LiscensePlate-294-_jpg.rf.249fb5b20e12a98dc4be975c891d0eac.jpg,0,0.3761927083333333,0.1574814814814815,0.06141666666666667,0.08127777777777778
images/train\LiscensePlate-294-_jpg.rf.db92a3f2c3fb28b61a92447699c1d4b4.jpg,0,0.37552083333333336,0.15833333333333333,0.06041666666666667,0.07407407407407407
images/train\LiscensePlate-295-_jpg.rf.1dd4e132fd0bb179760171f8c92ca702.jpg,0,0.74375,0.24537037037037038,0.06354166666666666,0.046296296296296294
images/train\LiscensePlate-295-_jpg.rf.ed47eb8bf51097804b1a036036f6d35c.jpg,0,0.7435625,0.24697222222222223,0.06252083333333333,0.05126851851851852
images/train\LiscensePlate-296-_jpg.rf.030098645131b868d3445abb95f7b51d.jpg,0,0.7471354166666667,0.17314814814814813,0.050520833333333334,0.037037037037037035
images/train\LiscensePlate-296-_jpg.rf.fc81ca415003db4d2683bdda9e0ab95f.jpg,0,0.7469114583333333,0.17355555555555555,0.05433854166666666,0.04463888888888889
images/train\LiscensePlate-297-_jpg.rf.21d65811a10b967a3d9d3ab01dcd9062.jpg,0,0.3766875,0.46219444444444446,0.07728645833333332,0.10604629629629629
images/train\LiscensePlate-297-_jpg.rf.47bd7e01a05e2cbea2bbcd6e239ae574.jpg,0,0.37578125,0.4587962962962963,0.07552083333333333,0.09537037037037037
images/train\LiscensePlate-298-_jpg.rf.3d19016c4c9dcd3bac3c011d20a1e950.jpg,0,0.41363541666666664,0.6229629629629629,0.085703125,0.11806481481481482
images/train\LiscensePlate-298-_jpg.rf.d28a181406d7db097c1b1bf3aefe2cf2.jpg,0,0.4166666666666667,0.6268518518518519,0.08125,0.1037037037037037
images/train\LiscensePlate-299-_jpg.rf.9499777bf4e36758f86ec82f35c513a8.jpg,0,0.39851041666666664,0.5085092592592593,0.07331249999999999,0.10343518518518519
images/train\LiscensePlate-299-_jpg.rf.9ec495b70c0fc4d6d02f9c1f86b65a8e.jpg,0,0.39921875,0.5064814814814815,0.07447916666666667,0.09259259259259259
images/train\LiscensePlate-3-_jpg.rf.0bbe2d64e80d9e7b4097c2fdf9f52cc2.jpg,0,0.38656250000000003,0.5969444444444445,0.087796875,0.11440740740740742
images/train\LiscensePlate-30-_jpg.rf.a3a506bf433836ac232c636aa6be203e.jpg,0,0.6673281249999999,0.7929907407407407,0.08942708333333332,0.08983333333333333
images/train\LiscensePlate-300-_jpg.rf.2b350319da31df81bb098568e41272c4.jpg,0,0.4995572916666667,0.7988888888888889,0.09236979166666666,0.1233611111111111
images/train\LiscensePlate-300-_jpg.rf.e624fdc111b4a61eff39b60f93157823.jpg,0,0.49713541666666666,0.7967592592592593,0.08802083333333334,0.12685185185185185
images/train\LiscensePlate-301-_jpg.rf.bdf7f5090cbc029914cca53477ddb6d2.jpg,0,0.7433125,0.20416666666666666,0.05905208333333333,0.04501851851851851
images/train\LiscensePlate-301-_jpg.rf.fce3e863f0e64362bb2be0ef2a705489.jpg,0,0.7427083333333333,0.20185185185185187,0.057291666666666664,0.044444444444444446
images/train\LiscensePlate-302-_jpg.rf.f15448e211159ec37e89911932f8d1e8.jpg,0,0.46145833333333336,0.5736111111111111,0.07916666666666666,0.125
images/train\LiscensePlate-302-_jpg.rf.fab3efbeb21250bb8753e3a140927fcf.jpg,0,0.46075,0.5713611111111112,0.07874479166666666,0.11537962962962962
images/train\LiscensePlate-303-_jpg.rf.41f92a9adf02b5e575cbc55c3575ca11.jpg,0,0.416859375,0.7027962962962963,0.08322395833333333,0.1137037037037037
images/train\LiscensePlate-303-_jpg.rf.891fdb05c1d242f3044857561e7dafa1.jpg,0,0.4171875,0.7018518518518518,0.084375,0.1111111111111111
images/train\LiscensePlate-304-_jpg.rf.8670a90add7dfe9dc5b66458fe2195ca.jpg,0,0.4086770833333333,0.6933148148148148,0.08471354166666667,0.1185462962962963
images/train\LiscensePlate-304-_jpg.rf.a04cc3a94549c36acb3548e5857cd0c3.jpg,0,0.4083333333333333,0.6930555555555555,0.08125,0.11388888888888889
images/train\LiscensePlate-305-_jpg.rf.45c8ce76955469c61211b0fe0c7521ee.jpg,0,0.38776041666666666,0.5638888888888889,0.08489583333333334,0.11666666666666667
images/train\LiscensePlate-305-_jpg.rf.c1bfdcd0be111a6a7e71204234adf94a.jpg,0,0.38548958333333333,0.5607777777777778,0.08447395833333333,0.11008333333333334
images/train\LiscensePlate-306-_jpg.rf.ccde9d84cfb6d7d74dbbb9f5d7657917.jpg,0,0.42330729166666664,0.5162314814814815,0.07826041666666667,0.11093518518518519
images/train\LiscensePlate-306-_jpg.rf.f7a98fa2fd452e04881da48cf1b02048.jpg,0,0.42239583333333336,0.5171296296296296,0.07916666666666666,0.11203703703703703
images/train\LiscensePlate-307-_jpg.rf.69463c3c0f3f33f3085dbd090d477650.jpg,0,0.36999479166666666,0.5962777777777778,0.07580208333333333,0.09378703703703704
images/train\LiscensePlate-307-_jpg.rf.75fd15d890485d219615173b88ce4c6c.jpg,0,0.3697916666666667,0.5972222222222222,0.07395833333333333,0.09444444444444444
images/train\LiscensePlate-308-_jpg.rf.36ef624dd87d3b6ff18ec1bd5e57b6b8.jpg,0,0.37817708333333333,0.5539351851851851,0.0743125,0.10434259259259258
images/train\LiscensePlate-308-_jpg.rf.59fc6e4963c20aacd113734415c66a6d.jpg,0,0.37838541666666664,0.5583333333333333,0.0765625,0.0962962962962963
images/train\LiscensePlate-309-_jpg.rf.7498c0a2f9d4c1bd4e452879f9e00b38.jpg,0,0.34879166666666667,0.5201944444444444,0.07655208333333333,0.09771296296296296
images/train\LiscensePlate-309-_jpg.rf.7eaf307a216fc2daf8ee959f5a301c5d.jpg,0,0.34869791666666666,0.5189814814814815,0.08177083333333333,0.10648148148148148
images/train\LiscensePlate-31-_jpg.rf.6d404a807f86882045cd0a893986f7b8.jpg,0,0.42139583333333336,0.5933148148148147,0.07672916666666667,0.11178703703703705
images/train\LiscensePlate-310-_jpg.rf.4ca9a9e88a15d2cdea086c0fa84adca9.jpg,0,0.5109635416666667,0.5164444444444445,0.07054166666666667,0.10343518518518519
images/train\LiscensePlate-310-_jpg.rf.ba5ab5ede942960e52fbf5461307de99.jpg,0,0.5122395833333333,0.5185185185185185,0.0703125,0.10555555555555556
images/train\LiscensePlate-311-_jpg.rf.ae3efef9ac38b08b90a4b44003fb3db5.jpg,0,0.33255208333333336,0.43194444444444446,0.07135416666666666,0.09722222222222222
images/train\LiscensePlate-311-_jpg.rf.cae49ff46dee9d874c46ac7f77f88855.jpg,0,0.3305677083333334,0.4295555555555556,0.07135416666666666,0.10426851851851852
images/train\LiscensePlate-312-_jpg.rf.43683c4c65ac0f7f7c4219c04922b110.jpg,0,0.7164114583333333,0.16100925925925924,0.051375,0.04336111111111111
images/train\LiscensePlate-312-_jpg.rf.b0da5c744245f3e9c0c65f5089d6f657.jpg,0,0.7171875,0.16203703703703703,0.053125,0.03888888888888889
images/train\LiscensePlate-313-_jpg.rf.0f05303df4768aed27d8964d1caa82d4.jpg,0,0.75234375,0.18796296296296297,0.03802083333333333,0.04814814814814815
images/train\LiscensePlate-313-_jpg.rf.8df0ddce83e6c8ba08445d03827a02a0.jpg,0,0.751625,0.18728703703703706,0.03846354166666666,0.050944444444444445
images/train\LiscensePlate-314-_jpg.rf.49824f1580c2b22d49f2aff345fb22cf.jpg,0,0.41458333333333336,0.4759259259259259,0.08020833333333334,0.10555555555555556
images/train\LiscensePlate-314-_jpg.rf.7e527543569877194843a9b869f6a7b8.jpg,0,0.41512499999999997,0.47410185185185183,0.07975520833333333,0.10341666666666667
images/train\LiscensePlate-315-_jpg.rf.d093fe5886c85e8df1a478c1adbf65d6.jpg,0,0.5445677083333333,0.44764814814814813,0.07375520833333334,0.11927777777777777
images/train\LiscensePlate-315-_jpg.rf.e5d0b4a3af33294ec29b32fdf6606d51.jpg,0,0.5421875,0.44814814814814813,0.07395833333333333,0.12222222222222222
images/train\LiscensePlate-316-_jpg.rf.6d91ff4b3e49949515a18b1d9e18bdcd.jpg,0,0.44583333333333336,0.6712962962962963,0.09166666666666666,0.1388888888888889
images/train\LiscensePlate-316-_jpg.rf.72b59b686920d3d29717b6baf595ed76.jpg,0,0.44277083333333334,0.6728055555555555,0.08891666666666667,0.1330925925925926
images/train\LiscensePlate-317-_jpg.rf.be1abebda81678e9591f79d9c99fdf0f.jpg,0,0.7372395833333333,0.15677777777777777,0.03648958333333333,0.048129629629629626
images/train\LiscensePlate-317-_jpg.rf.e44376fd0d0d9dafad57217120a76640.jpg,0,0.73828125,0.15787037037037038,0.034895833333333334,0.04351851851851852
images/train\LiscensePlate-318-_jpg.rf.1eb262bf64b58d09cbab31f975604c75.jpg,0,0.43099479166666665,0.5669444444444444,0.07578125,0.10126851851851852
images/train\LiscensePlate-318-_jpg.rf.c44ac16d526bc166f374bee94447dc38.jpg,0,0.43020833333333336,0.5694444444444444,0.078125,0.10555555555555556
images/train\LiscensePlate-319-_jpg.rf.2e0077d8e81d6341def1ac8e21a9c462.jpg,0,0.3890625,0.5504629629629629,0.078125,0.10648148148148148
images/train\LiscensePlate-319-_jpg.rf.3e9897235bfc8294436b9826cac63839.jpg,0,0.38821875,0.5475462962962964,0.07802604166666667,0.11007407407407407
images/train\LiscensePlate-32-_jpg.rf.9941634136f63ce251d6c1be698f5dd2.jpg,0,0.37647395833333336,0.9261203703703704,0.105375,0.14775925925925928
images/train\LiscensePlate-320-_jpg.rf.1b67d39a8d9dcdf29cbf40b54b598d77.jpg,0,0.4510416666666667,0.45231481481481484,0.07395833333333333,0.10462962962962963
images/train\LiscensePlate-320-_jpg.rf.a21820ff18c38deeee569e58fe7d3716.jpg,0,0.4500885416666666,0.4520462962962963,0.069328125,0.09634259259259259
images/train\LiscensePlate-321-_jpg.rf.137a301a1110bac9f95962ddee5a5458.jpg,0,0.48802083333333335,0.8078703703703703,0.09166666666666666,0.13055555555555556
images/train\LiscensePlate-321-_jpg.rf.66ae6db04fc951b8100a747d017e2cd7.jpg,0,0.48753124999999997,0.8072037037037036,0.08766145833333333,0.12674999999999997
images/train\LiscensePlate-322-_jpg.rf.18c597a28b9de955ad3afa993f190c4a.jpg,0,0.386859375,0.5757685185185185,0.07083854166666666,0.0924537037037037
images/train\LiscensePlate-322-_jpg.rf.25d44bfc60b86cf9c3bb78a13d41ebd1.jpg,0,0.38567708333333334,0.5773148148148148,0.0703125,0.09166666666666666
images/train\LiscensePlate-323-_jpg.rf.91ef63e434680256462cc0338f1cdfd3.jpg,0,0.34869791666666666,0.6990740740740741,0.08489583333333334,0.11296296296296296
images/train\LiscensePlate-323-_jpg.rf.d3cd8a08b181a1cfb07c1b830b0f699c.jpg,0,0.3510260416666667,0.6999259259259258,0.08399479166666667,0.11062037037037037
images/train\LiscensePlate-324-_jpg.rf.5795e7117f3eff59c239e76cec55fd92.jpg,0,0.7614583333333333,0.2064814814814815,0.05520833333333333,0.046296296296296294
images/train\LiscensePlate-324-_jpg.rf.c79e129932bcf687049f31946bbc323e.jpg,0,0.760546875,0.20747222222222222,0.062265625,0.04899074074074074
images/train\LiscensePlate-325-_jpg.rf.8693fe6d8ac5d2e1f9e19c4fa567ca08.jpg,0,0.3645833333333333,0.5916666666666667,0.07708333333333334,0.10185185185185185
images/train\LiscensePlate-325-_jpg.rf.dd3c18616f267b63f78c5f723bffe5b7.jpg,0,0.3640416666666667,0.5905462962962963,0.07878125,0.10349074074074073
images/train\LiscensePlate-326-_jpg.rf.7a91ddedea893310c42c209555b195da.jpg,0,0.42950520833333333,0.7867777777777778,0.08470833333333333,0.115
images/train\LiscensePlate-326-_jpg.rf.bf96fa98558d7166f570ad30ec88301c.jpg,0,0.4293177083333333,0.7890185185185185,0.08184374999999999,0.11772222222222223
images/train\LiscensePlate-327-_jpg.rf.1ed45bb6c1612a871f6287e4a123d692.jpg,0,0.44921875,0.47962962962962963,0.07760416666666667,0.10925925925925926
images/train\LiscensePlate-327-_jpg.rf.8434db020e43db31c5f5ac0b8bc28062.jpg,0,0.4498385416666667,0.4780740740740741,0.07478125000000001,0.1060648148148148
images/train\LiscensePlate-328-_jpg.rf.d560d2e53bce83ec3293c614a5f0dab9.jpg,0,0.3572916666666667,0.5842592592592593,0.075,0.10185185185185185
images/train\LiscensePlate-328-_jpg.rf.f5f10625749a463bd0a6d8fa3892c735.jpg,0,0.3583385416666667,0.583925925925926,0.073328125,0.10083333333333334
images/train\LiscensePlate-329-_jpg.rf.23d25b01f04b1aa376f51bdd20fb7a41.jpg,0,0.3502604166666667,0.8652777777777778,0.09427083333333333,0.12314814814814815
images/train\LiscensePlate-329-_jpg.rf.3b786bce97af36ed61894e7dd191a9b3.jpg,0,0.352140625,0.8652592592592593,0.09366145833333334,0.11852777777777777
images/train\LiscensePlate-33-_jpg.rf.6ac198d377b4d6194ba137309648f859.jpg,0,0.42377604166666666,0.5004537037037037,0.07758333333333334,0.11125925925925925
images/train\LiscensePlate-330-_jpg.rf.0d8737eb372560409a827325c77046bf.jpg,0,0.3411458333333333,0.6597222222222222,0.08645833333333333,0.11388888888888889
images/train\LiscensePlate-330-_jpg.rf.1f7771e117708b3c006e9ef35902e4f0.jpg,0,0.3413541666666667,0.6569259259259259,0.08845833333333333,0.1172037037037037
images/train\LiscensePlate-331-_jpg.rf.091d385dc5daf88d2fafda9d09ba7514.jpg,0,0.740625,0.4361111111111111,0.06666666666666667,0.08333333333333333
images/train\LiscensePlate-331-_jpg.rf.0924ae9305cffa5577381a5f1ddf1b2e.jpg,0,0.7403385416666667,0.4388148148148148,0.06797916666666667,0.08574999999999999
images/train\LiscensePlate-332-_jpg.rf.2f37bd891c4c88bd09b8bf00ef7663fc.jpg,0,0.39947916666666666,0.6694444444444444,0.078125,0.10555555555555556
images/train\LiscensePlate-332-_jpg.rf.6bd73cf613706e520ca6b98a30e03ea9.jpg,0,0.40024479166666665,0.6708148148148149,0.07976041666666665,0.10530555555555556
images/train\LiscensePlate-333-_jpg.rf.144dddac0e8f705e8374bdfc65765684.jpg,0,0.4322916666666667,0.43703703703703706,0.07708333333333334,0.1111111111111111
images/train\LiscensePlate-333-_jpg.rf.98e0375e6fad01dc9ed04716a9ec9d89.jpg,0,0.43148958333333337,0.433962962962963,0.073796875,0.09721296296296296
images/train\LiscensePlate-334-_jpg.rf.18cebe9092fc056f1c5b23c04d860f8e.jpg,0,0.428765625,0.8577222222222223,0.08024479166666666,0.10610185185185185
images/train\LiscensePlate-334-_jpg.rf.96425e5cdaef3a251263bf02c66e15b0.jpg,0,0.428125,0.8611111111111112,0.08541666666666667,0.12222222222222222
images/train\LiscensePlate-335-_jpg.rf.93dca0db11a431323a032589fd461975.jpg,0,0.5331614583333333,0.5773148148148148,0.07177604166666667,0.0981851851851852
images/train\LiscensePlate-336-_jpg.rf.d1406a73c12e3bb34fd17eb6253d04bc.jpg,0,0.4337239583333333,0.43087962962962967,0.06933333333333333,0.09632407407407408
images/train\LiscensePlate-337-_jpg.rf.22620ea91c79819870942c9e89fd7825.jpg,0,0.374953125,0.49240740740740735,0.07679166666666666,0.10033333333333333
images/train\LiscensePlate-338-_jpg.rf.01045af329a71b833ed3f91ef7184ed8.jpg,0,0.37631770833333333,0.6227407407407407,0.08100520833333333,0.10968518518518518
images/train\LiscensePlate-339-_jpg.rf.17ec89f76db89d7f3ba8fe291cbf9afa.jpg,0,0.39528645833333337,0.6278148148148148,0.07877083333333333,0.1118888888888889
images/train\LiscensePlate-34-_jpg.rf.4a9f6cf41c78c0708fccf9e3f5d4992e.jpg,0,0.4491614583333333,0.5454166666666667,0.078875,0.11089814814814815
images/train\LiscensePlate-340-_jpg.rf.44c9e1e3e236dad798243920003b702d.jpg,0,0.38264062499999996,0.46771296296296294,0.0743125,0.09855555555555555
images/train\LiscensePlate-341-_jpg.rf.b2b924aef6b716f3f05027c78eb0df99.jpg,0,0.33552604166666666,0.652074074074074,0.08424479166666667,0.11808333333333333
images/train\LiscensePlate-342-_jpg.rf.2ff1fa7d69d3f6f33fc14ab6a3489d4b.jpg,0,0.351890625,0.6095092592592593,0.08721354166666666,0.11497222222222223
images/train\LiscensePlate-343-_jpg.rf.aa131f3e08819a6bc3cb45ffd986bb5c.jpg,0,0.3461875,0.7352129629629629,0.0906875,0.12827777777777777
images/train\LiscensePlate-344-_jpg.rf.46bc20e16d8fbb89ade31f16fa814ff3.jpg,0,0.394046875,0.58525,0.08223958333333334,0.10877777777777778
images/train\LiscensePlate-345-_jpg.rf.f5227de1019603b3cf2ca02438985ae1.jpg,0,0.42901041666666667,0.7030185185185185,0.08669270833333333,0.12737962962962962
images/train\LiscensePlate-346-_jpg.rf.b3bfd065b7958b05c9381e0c7a6ddee8.jpg,0,0.4381875,0.6291388888888889,0.081234375,0.10925
images/train\LiscensePlate-347-_jpg.rf.b910c7420a1b6b3e946422c4611a12c3.jpg,0,0.37693750000000004,0.46925,0.07183333333333333,0.10958333333333332
images/train\LiscensePlate-348-_jpg.rf.28bbce6e7b373b251fa1b982f9a74629.jpg,0,0.41103124999999996,0.42735185185185187,0.07603645833333333,0.11573148148148148
images/train\LiscensePlate-349-_jpg.rf.18bb59708e3b7e01823712b104378dfa.jpg,0,0.39107291666666666,0.5539351851851851,0.07033854166666667,0.09905555555555556
images/train\LiscensePlate-35-_jpg.rf.1a894174930e051add4dadfdafac04f8.jpg,0,0.3890625,0.5780740740740741,0.08238020833333333,0.12065740740740741
images/train\LiscensePlate-350-_jpg.rf.a6c8537be35b89045929ef4571b3bc86.jpg,0,0.39131770833333335,0.4659444444444445,0.07678645833333334,0.10561111111111111
images/train\LiscensePlate-351-_jpg.rf.23aa282d139d4b0ea305c9bdea4eaf9b.jpg,0,0.390578125,0.46219444444444446,0.075296875,0.10604629629629629
images/train\LiscensePlate-352-_jpg.rf.f5e8402d36642a86197a2f0bbfa4e80a.jpg,0,0.4291354166666667,0.6867037037037037,0.08842708333333334,0.12648148148148147
images/train\LiscensePlate-353-_jpg.rf.ed87c8899deff1f9593b8aca4a5126af.jpg,0,0.4042135416666667,0.6388425925925927,0.07579166666666667,0.10219444444444445
images/train\LiscensePlate-354-_jpg.rf.48ebec79c5000769609437a915c25909.jpg,0,0.3739635416666667,0.4674907407407407,0.07480729166666666,0.11134259259259259
images/train\LiscensePlate-355-_jpg.rf.fedcb2e6e3bdc202c56bf93bd351aa82.jpg,0,0.413390625,0.82625,0.082234375,0.11457407407407406
images/train\LiscensePlate-356-_jpg.rf.6a7ca306b478875534a9c24652e2f033.jpg,0,0.36986979166666667,0.5579074074074074,0.07406770833333334,0.10699074074074073
images/train\LiscensePlate-357-_jpg.rf.1d0f4cc163af8486217b36a6e5270e50.jpg,0,0.576921875,0.8458055555555556,0.09531770833333333,0.1298888888888889
images/train\LiscensePlate-358-_jpg.rf.15b52d071a70b2e07698a88ea2852114.jpg,0,0.37296875,0.6103981481481482,0.08472916666666667,0.11673148148148148
images/train\LiscensePlate-359-_jpg.rf.d578d8caef9b1f71eab09d377c94031c.jpg,0,0.45926041666666667,0.7074259259259259,0.08469791666666666,0.10444444444444444
images/train\LiscensePlate-36-_jpg.rf.33230ad9afcded949fda40bd54aa2fc4.jpg,0,0.41510416666666666,0.5473888888888888,0.07977083333333333,0.10326851851851852
images/train\LiscensePlate-360-_jpg.rf.cf4275e99ec5a5daba33d1520b2646d9.jpg,0,0.4674479166666667,0.6986111111111111,0.08618229166666666,0.12384259259259259
images/train\LiscensePlate-361-_jpg.rf.4996678c9a8c491348ad2d985c932566.jpg,0,0.397765625,0.5812777777777778,0.07480208333333334,0.0955462962962963
images/train\LiscensePlate-362-_jpg.rf.b62afe4545939771e8e4efee865d1e53.jpg,0,0.39305729166666664,0.5298981481481481,0.07728125,0.10653703703703704
images/train\LiscensePlate-363-_jpg.rf.ffd972468895f9b8f243a1be1601d733.jpg,0,0.3800364583333333,0.5418055555555555,0.07356770833333333,0.09331481481481482
images/train\LiscensePlate-364-_jpg.rf.60a9c033451bb1ea563b82be2437760d.jpg,0,0.397890625,0.45866666666666667,0.0735625,0.09369444444444444
images/train\LiscensePlate-365-_jpg.rf.f75ea837c11c02eceaf2d975f35e036e.jpg,0,0.44513020833333333,0.751537037037037,0.0861875,0.1132962962962963
images/train\LiscensePlate-366-_jpg.rf.e4c0a9550aea4f6fa4a987d159e9e034.jpg,0,0.39144270833333333,0.5433518518518519,0.075546875,0.09375
images/train\LiscensePlate-367-_jpg.rf.ecfde411173879b5166ab1b456092bee.jpg,0,0.7134322916666667,0.41962962962962963,0.08708333333333333,0.06588888888888889
images/train\LiscensePlate-368-_jpg.rf.d132fd6c16275ccaf66186a8e8f2c725.jpg,0,0.45294270833333333,0.5468796296296297,0.076515625,0.11139814814814815
images/train\LiscensePlate-369-_jpg.rf.ff88434f11ee329dc6f952e5c3d42895.jpg,0,0.3840052083333333,0.43374999999999997,0.07257291666666667,0.09941666666666667
images/train\LiscensePlate-37-_jpg.rf.d287bdd8df7b4c81792540d71185b320.jpg,0,0.35261458333333334,0.4441574074074074,0.07458333333333332,0.10744444444444445
images/train\LiscensePlate-370-_jpg.rf.048ee2fc1d5b19876d8eabe2122a7794.jpg,0,0.48864583333333333,0.6364166666666667,0.082453125,0.11587037037037037
images/train\LiscensePlate-371-_jpg.rf.a51ab8b96ce0224e5449a6d33311b18d.jpg,0,0.3461875,0.4269074074074074,0.07878645833333334,0.10425925925925926
images/train\LiscensePlate-372-_jpg.rf.1489313ee181f86c985084bbb5eb9abc.jpg,0,0.39020312500000004,0.24077777777777779,0.06116666666666667,0.08650000000000001
images/train\LiscensePlate-373-_jpg.rf.964f6981181187354736547d728a10b9.jpg,0,0.30527604166666666,0.6946388888888889,0.083265625,0.1106111111111111
images/train\LiscensePlate-374-_jpg.rf.846b83c7087edec8b85884fb8849d213.jpg,0,0.41549479166666664,0.6046666666666667,0.08495833333333333,0.1264351851851852
images/train\LiscensePlate-375-_jpg.rf.30870785f5742d202fb302b1f9f3b5c6.jpg,0,0.32957291666666666,0.6981666666666666,0.08722395833333334,0.11767592592592593
images/train\LiscensePlate-376-_jpg.rf.a62c2a40acfed104f2f79d37bfb4bdac.jpg,0,0.7605520833333334,0.10718518518518519,0.03548958333333333,0.04947222222222222
images/train\LiscensePlate-377-_jpg.rf.2270c0267a301a3742b315082273ad98.jpg,0,0.43409375,0.46880555555555553,0.06858854166666667,0.08752777777777777
images/train\LiscensePlate-378-_jpg.rf.68a09eb1d262583d674672e1c4d865b8.jpg,0,0.39603125,0.5153425925925926,0.07430729166666666,0.10387962962962963
images/train\LiscensePlate-379-_jpg.rf.ba37ba8f454dbcfdaa18e33912ffbca3.jpg,0,0.41392708333333333,0.6078240740740741,0.087109375,0.12716666666666668
images/train\LiscensePlate-38-_jpg.rf.5c18c317988941ea0b2ed665b0a0f625.jpg,0,0.41661979166666663,0.3005833333333333,0.06197916666666667,0.0934537037037037
images/train\LiscensePlate-380-_jpg.rf.0a55af782822b2f46aef92c980cb3398.jpg,0,0.3146979166666667,0.7173518518518519,0.08722916666666666,0.11636111111111111
images/train\LiscensePlate-381-_jpg.rf.91b82c1cb5f14ad6b789c3e81a74f4ff.jpg,0,0.3257291666666667,0.761462962962963,0.09590625,0.12521296296296294
images/train\LiscensePlate-382-_jpg.rf.aea77d165b54b1da4730496df84d4a65.jpg,0,0.4252916666666666,0.5385000000000001,0.07330208333333334,0.08934259259259258
images/train\LiscensePlate-383-_jpg.rf.8bea1995e83d20e5ddd5287b3d8d932d.jpg,0,0.47042187500000004,0.5953981481481482,0.083203125,0.10789814814814815
images/train\LiscensePlate-384-_jpg.rf.52b5e34d7cfd29baa98cea3a10d1068e.jpg,0,0.3667708333333334,0.5550370370370371,0.06638020833333333,0.08802777777777777
images/train\LiscensePlate-385-_jpg.rf.417e839e509cafe049ec13592afbab7c.jpg,0,0.7508802083333334,0.1250925925925926,0.04888020833333333,0.04561111111111111
images/train\LiscensePlate-386-_jpg.rf.d267c431671ab5c356774fc58fe5c473.jpg,0,0.40594791666666663,0.8563888888888889,0.10008854166666666,0.1642685185185185
images/train\LiscensePlate-387-_jpg.rf.2b2fb58a83d0e8229e8ac34e88473838.jpg,0,0.39925520833333333,0.3704537037037037,0.065875,0.08658333333333333
images/train\LiscensePlate-388-_jpg.rf.d2fb032a67a78be9c945a56a7074b2d4.jpg,0,0.3856145833333333,0.6764907407407408,0.07430729166666666,0.1060648148148148
images/train\LiscensePlate-389-_jpg.rf.4145519b769bac953389bd80ea68bb39.jpg,0,0.34408333333333335,0.4650648148148148,0.070109375,0.09325925925925926
images/train\LiscensePlate-39-_jpg.rf.0896f4b25dc6937e263cf5f35afd37d6.jpg,0,0.4063125,0.46653703703703703,0.07391666666666666,0.1105462962962963
images/train\LiscensePlate-390-_jpg.rf.10d794d9bce866c84e8a15711581bb02.jpg,0,0.4004947916666667,0.9148240740740741,0.10108333333333334,0.1462222222222222
images/train\LiscensePlate-391-_jpg.rf.a3843e498378290dc0b7bda0f650f43d.jpg,0,0.47501041666666666,0.6489259259259259,0.07898958333333334,0.11707407407407407
images/train\LiscensePlate-392-_jpg.rf.69bafa04e4ffd199a75747cfccc0bfb3.jpg,0,0.35734895833333336,0.6920833333333334,0.08027083333333333,0.10814814814814815
images/train\LiscensePlate-393-_jpg.rf.fa54aec0b39001f170a21754e260ac67.jpg,0,0.4994375,0.21784259259259262,0.05790104166666667,0.08295370370370371
images/train\LiscensePlate-394-_jpg.rf.146a8136fdc6a2cd45d1691d74afb912.jpg,0,0.42206770833333335,0.5084444444444445,0.07578125,0.10330555555555555
images/train\LiscensePlate-395-_jpg.rf.5c48a1a805936cb8ff82625b076304d5.jpg,0,0.397765625,0.5518888888888889,0.07480208333333334,0.11348148148148149
images/train\LiscensePlate-396-_jpg.rf.eb2333e7764a5acd00ccd19ef63d5c63.jpg,0,0.37842708333333336,0.5486481481481481,0.08076041666666667,0.12022222222222223
images/train\LiscensePlate-397-_jpg.rf.6f97b2d960fa0133619fa6e9529098d4.jpg,0,0.36292708333333334,0.4495648148148148,0.0750625,0.10812037037037037
images/train\LiscensePlate-398-_jpg.rf.4e73ef8679c607df17bbbbf76654d33b.jpg,0,0.4278958333333333,0.5591666666666667,0.08297395833333333,0.13068518518518518
images/train\LiscensePlate-399-_jpg.rf.98a9e2466f1377dff422714fdd7a4d52.jpg,0,0.36966145833333336,0.7863796296296296,0.085390625,0.14477777777777778
images/train\LiscensePlate-4-_jpg.rf.9d20cb31dddd358bbc7b7b7e2ea324e9.jpg,0,0.3902552083333333,0.5553055555555556,0.08346875,0.10751851851851853
images/train\LiscensePlate-40-_jpg.rf.c5e845da20db7681d655d15b3408c6b1.jpg,0,0.4378854166666667,0.42775,0.07585416666666665,0.10936111111111112
images/train\LiscensePlate-400-_jpg.rf.24db52a5499d857bed5651616fbf8eb4.jpg,0,0.4071875,0.5091018518518519,0.07876562499999999,0.10727777777777778
images/train\LiscensePlate-401-_jpg.rf.50f5d5b6b01db5f1da9c5f7774c5f1bf.jpg,0,0.4721614583333333,0.5693055555555556,0.06882291666666666,0.09805555555555556
images/train\LiscensePlate-402-_jpg.rf.72c2e29e3b73f3089883d8dda6006b31.jpg,0,0.4101666666666667,0.6244444444444445,0.08769270833333334,0.11837962962962963
images/train\LiscensePlate-403-_jpg.rf.0799edc807594822e37e4a8ea4c6f160.jpg,0,0.38586458333333334,0.6343703703703704,0.07778125,0.11441666666666667
images/train\LiscensePlate-404-_jpg.rf.15084c3ffdeacd4f8619c8923f63402f.jpg,0,0.3760260416666667,0.7688888888888888,0.09117708333333334,0.13448148148148148
images/train\LiscensePlate-405-_jpg.rf.891609a289c285c4bdb10e8bbe0b23d8.jpg,0,0.4138854166666667,0.6213518518518518,0.08025,0.11220370370370371
images/train\LiscensePlate-406-_jpg.rf.eb3d125977557d01cf52cd18a92b0666.jpg,0,0.36205729166666667,0.5146203703703703,0.080765625,0.11037037037037037
images/train\LiscensePlate-407-_jpg.rf.a3bd37e25c99576730927829465a538b.jpg,0,0.4312447916666667,0.7832314814814815,0.085203125,0.11494444444444445
images/train\LiscensePlate-408-_jpg.rf.937b8985f79053e25889dbe480a32353.jpg,0,0.4990625,0.5164444444444445,0.0765,0.10873148148148148
images/train\LiscensePlate-409-_jpg.rf.24183bcc73f69fd4aeff525b97e8b3a7.jpg,0,0.4081822916666667,0.7044907407407408,0.08372395833333333,0.10123148148148148
images/train\LiscensePlate-41-_jpg.rf.0bd610653b1207f48b0a1136f198f72f.jpg,0,0.5557031250000001,0.44878703703703704,0.07451041666666666,0.10281481481481482
images/train\LiscensePlate-42-_jpg.rf.97f7e1342826e9d5f73a1a88036f4b37.jpg,0,0.7623697916666666,0.23696296296296296,0.04644270833333333,0.06342592592592593
images/train\LiscensePlate-43-_jpg.rf.e861ce2ebe2ef1417032f91800dfc335.jpg,0,0.75,0.47618518518518516,0.06857812499999999,0.0927962962962963
images/train\LiscensePlate-44-_jpg.rf.2e523f9e75cf07d270d116a3fd989243.jpg,0,0.4385364583333333,0.4426111111111111,0.07715625,0.10899074074074074
images/train\LiscensePlate-45-_jpg.rf.6d9a5d69e125976d5b733ba3d718c09d.jpg,0,0.3730104166666666,0.4514814814814815,0.07110416666666668,0.08969444444444445
images/train\LiscensePlate-46-_jpg.rf.e72b41eb2bc954070176bcae074062dc.jpg,0,0.4183541666666667,0.5306018518518518,0.08106770833333334,0.1090462962962963
images/train\LiscensePlate-47-_jpg.rf.45cdab9f6f318606af5a66987e6243a9.jpg,0,0.43940104166666666,0.5416018518518518,0.07628645833333333,0.10557407407407407
images/train\LiscensePlate-48-_jpg.rf.34c61dab2361a15ec90dfe9f4c116594.jpg,0,0.3880885416666667,0.48506481481481484,0.07131770833333334,0.1012962962962963
images/train\LiscensePlate-49-_jpg.rf.2e0d174b4f54f1d04d93d34a69b494f3.jpg,0,0.34881770833333337,0.2589074074074074,0.06829166666666667,0.0887962962962963
images/train\LiscensePlate-5-_jpg.rf.82e317301fb2e7a76fd67aa0566ff0fd.jpg,0,0.4259479166666667,0.7428055555555556,0.091046875,0.1260462962962963
images/train\LiscensePlate-50-_jpg.rf.18a69bb9a4923a4f9cd607d9ce11e011.jpg,0,0.3745260416666667,0.40074074074074073,0.07674479166666666,0.10625925925925926
images/train\LiscensePlate-51-_jpg.rf.49b9ed932381eab9bfa01f2255c86e96.jpg,0,0.441140625,0.49200925925925926,0.07976041666666665,0.11519444444444445
images/train\LiscensePlate-52-_jpg.rf.e540f2026d9b698e5fe5c3be2b8f52eb.jpg,0,0.31290625,0.8651481481481481,0.09933333333333333,0.12999074074074074
images/train\LiscensePlate-53-_jpg.rf.beaec2994eb4cac48e4c5ced6b2c1bad.jpg,0,0.429421875,0.45669444444444446,0.07716145833333334,0.10243518518518518
images/train\LiscensePlate-54-_jpg.rf.bb34283dc4a6c0b678bd672aff2c57de.jpg,0,0.41325,0.5126203703703703,0.07727604166666667,0.10687037037037037
images/train\LiscensePlate-55-_jpg.rf.d1645b5223f5df80685ed01a7210a46a.jpg,0,0.31286458333333333,0.5882685185185186,0.07210416666666666,0.10383333333333333
images/train\LiscensePlate-56-_jpg.rf.fe46f0131246154082f7e68f90475115.jpg,0,0.46757291666666667,0.4569074074074074,0.07303645833333333,0.10075925925925926
images/train\LiscensePlate-57-_jpg.rf.a773aaf1f03d17aa138cff89c4bdeeeb.jpg,0,0.4000416666666667,0.22742592592592592,0.06358854166666666,0.0940925925925926
images/train\LiscensePlate-58-_jpg.rf.cfd13cf61e0737141176c72d3cabb25b.jpg,0,0.44796875,0.47609259259259257,0.07263541666666667,0.10581481481481482
images/train\LiscensePlate-59-_jpg.rf.97098a9377c06a19d02533fc8fed2f63.jpg,0,0.44998958333333333,0.5769444444444445,0.08015625,0.12234259259259259
images/train\LiscensePlate-6-_jpg.rf.3afa818e2de3d042ba5ad10405c7766e.jpg,0,0.45780208333333333,0.7363611111111111,0.08304166666666667,0.10784259259259259
images/train\LiscensePlate-60-_jpg.rf.92dcd34dca5e6d8213f9409f3f2327fe.jpg,0,0.3949270833333333,0.4977037037037037,0.07535416666666667,0.10788888888888888
images/train\LiscensePlate-61-_jpg.rf.79491ff64dd5d9b4314623b44312556b.jpg,0,0.38200520833333335,0.4884351851851852,0.07728645833333332,0.10170370370370371
images/train\LiscensePlate-62-_jpg.rf.5d529b1fab913ef711c2b42396db4efb.jpg,0,0.33515625,0.6893425925925926,0.082015625,0.11589814814814815
images/train\LiscensePlate-63-_jpg.rf.ab026c0c88a3059be1b8d0b39389ebd3.jpg,0,0.45066666666666666,0.47591666666666665,0.07571875,0.10752777777777778
images/train\LiscensePlate-64-_jpg.rf.37996c9320db76b5eec6c71f9e8f2031.jpg,0,0.453078125,0.4493333333333333,0.0724375,0.09756481481481481
images/train\LiscensePlate-65-_jpg.rf.6cdcb7134fefad9a5e9c2da0bbd14777.jpg,0,0.40341666666666665,0.44281481481481483,0.06917708333333333,0.10099074074074073
images/train\LiscensePlate-66-_jpg.rf.1f2d86be27d1dfc2e5afe3ecc021191c.jpg,0,0.41508333333333336,0.7861111111111111,0.095984375,0.1456111111111111
images/train\LiscensePlate-67-_jpg.rf.ad3e92bb445205d1d445aa021d1cb8bf.jpg,0,0.4582864583333333,0.4987314814814815,0.07359375,0.10583333333333333
images/train\LiscensePlate-68-_jpg.rf.b8ba49fa050d06f84ce9cca07e50d8fe.jpg,0,0.3251145833333334,0.4346296296296296,0.07532291666666667,0.09588888888888888
images/train\LiscensePlate-69-_jpg.rf.bd870d3cc4849539c717b2bef13592c2.jpg,0,0.34015625,0.6903796296296296,0.083859375,0.10640740740740741
images/train\LiscensePlate-7-_jpg.rf.60aa9e37623632bfedfcc7431424ce01.jpg,0,0.5034166666666666,0.7060555555555555,0.08746354166666667,0.13364814814814815
images/train\LiscensePlate-70-_jpg.rf.03f9135442516b189c9916e605a69e84.jpg,0,0.39434895833333333,0.5745462962962963,0.081140625,0.10930555555555556
images/train\LiscensePlate-71-_jpg.rf.fce46a031f9b82ca25e91d40cbb33cb3.jpg,0,0.36493749999999997,0.573861111111111,0.08365625,0.11205555555555555
images/train\LiscensePlate-72-_jpg.rf.505dcf2e425a0931e1c8b8dec2e1e9b7.jpg,0,0.43793750000000004,0.6170833333333334,0.08266666666666667,0.11208333333333333
images/train\LiscensePlate-73-_jpg.rf.ecc9b106d5f9209b31ad209e23fac620.jpg,0,0.524921875,0.5464166666666667,0.07839062499999999,0.11477777777777777
images/train\LiscensePlate-74-_jpg.rf.11d664fdd212c684c7773c76c338b251.jpg,0,0.7374635416666667,0.3916944444444444,0.09606770833333332,0.07694444444444444
images/train\LiscensePlate-75-_jpg.rf.498abd90b9e5d15eb8e6ffee083a64e8.jpg,0,0.43128645833333334,0.27060185185185187,0.05894791666666667,0.06931481481481482
images/train\LiscensePlate-76-_jpg.rf.27c211648f03bb30e2a7b5162eac583e.jpg,0,0.43195833333333333,0.5621944444444444,0.07533854166666668,0.0969537037037037
images/train\LiscensePlate-77-_jpg.rf.fb91c572643a1d12046b2f0eca2c4f44.jpg,0,0.42173958333333333,0.517425925925926,0.06878645833333333,0.09177777777777778
images/train\LiscensePlate-78-_jpg.rf.760751add2db23cfda5eaa87dafbb9d9.jpg,0,0.4085260416666667,0.44212962962962965,0.071296875,0.0955
images/train\LiscensePlate-79-_jpg.rf.14b012b6f9c4bfc69aa6a7ffcaf2fc93.jpg,0,0.42405208333333333,0.5416111111111112,0.07341145833333333,0.09693518518518518
images/train\LiscensePlate-8-_jpg.rf.2e84b841d2316682b8ec5c024aa8aa1f.jpg,0,0.5443020833333333,0.5055925925925926,0.07433333333333333,0.11132407407407408
images/train\LiscensePlate-80-_jpg.rf.47d6ab3cb6ba1a7b76ee387264d90af4.jpg,0,0.37245833333333334,0.5064444444444445,0.07555208333333334,0.09862962962962962
images/train\LiscensePlate-81-_jpg.rf.eb3f9995510ada932c44668226c4f600.jpg,0,0.39763020833333335,0.4681944444444444,0.07033333333333333,0.0941388888888889
images/train\LiscensePlate-82-_jpg.rf.8ca7fbfc1113bf1362ec7370bd67c48d.jpg,0,0.447,0.6266851851851852,0.069546875,0.09424074074074074
images/train\LiscensePlate-83-_jpg.rf.3a42dd8041d71abad7f06c33404be42e.jpg,0,0.41826562500000003,0.4688796296296296,0.07919791666666667,0.10374074074074074
images/train\LiscensePlate-84-_jpg.rf.b5d2f76e27f3a729d7f2c76b0e958ec2.jpg,0,0.413828125,0.42153703703703704,0.070328125,0.0995925925925926
images/train\LiscensePlate-85-_jpg.rf.a26706a4250011a87d6b6e646159fa32.jpg,0,0.4203854166666667,0.6218796296296296,0.08344270833333334,0.11756481481481482
images/train\LiscensePlate-86-_jpg.rf.dc3f6c7d220d5c78b8fe46e07bb91855.jpg,0,0.7046718750000001,0.3333703703703704,0.03627604166666667,0.04259259259259259
images/train\LiscensePlate-87-_jpg.rf.45d0fea804418f225d0acf22e8be0e3a.jpg,0,0.39511979166666666,0.48774999999999996,0.074578125,0.10855555555555554
images/train\LiscensePlate-88-_jpg.rf.0d9eab69eeb9c7dd384295ec5654b2a6.jpg,0,0.3739635416666667,0.5168888888888888,0.07480729166666666,0.10432407407407407
images/train\LiscensePlate-89-_jpg.rf.3ed7e4a013052ce2ea1a2ff53b379e7c.jpg,0,0.49869270833333335,0.6683888888888889,0.08021875,0.11368518518518518
images/train\LiscensePlate-9-_jpg.rf.49c367b6eb9776277099b0f93e53a4e9.jpg,0,0.41785416666666664,0.40000925925925923,0.07628125000000001,0.10336111111111111
images/train\LiscensePlate-90-_jpg.rf.28991d9272762910e64b02cff1202c74.jpg,0,0.474390625,0.4549166666666667,0.079234375,0.11530555555555555
images/train\LiscensePlate-91-_jpg.rf.ef5fe48964d70d2b043cd9b0b821d456.jpg,0,0.4163645833333333,0.5237222222222222,0.07628125000000001,0.10476851851851852
images/train\LiscensePlate-92-_jpg.rf.f3c1330f6cf3c5383a0a280c41d01c91.jpg,0,0.4805885416666667,0.8379351851851852,0.09014583333333334,0.13530555555555554
images/train\LiscensePlate-93-_jpg.rf.87c1719031a4cd3039142865b00dd889.jpg,0,0.36640104166666665,0.5521759259259259,0.07902604166666666,0.10081481481481482
images/train\LiscensePlate-94-_jpg.rf.d05e4a9bb37e1a5b0a0c7d7958dc92d2.jpg,0,0.3949166666666667,0.5693796296296296,0.08248958333333332,0.12464814814814815
images/train\LiscensePlate-95-_jpg.rf.895bada1c8bef2e57dca01d930948ead.jpg,0,0.4642239583333333,0.519537037037037,0.079734375,0.10962037037037037
images/train\LiscensePlate-96-_jpg.rf.393e31201b04a9a5dd710ea27ea5e495.jpg,0,0.4575260416666667,0.5821666666666667,0.072296875,0.09730555555555556
images/train\LiscensePlate-97-_jpg.rf.79299b4533d60935acf2738e9f97ab62.jpg,0,0.7312864583333333,0.3025277777777778,0.06922395833333334,0.0618425925925926
images/train\LiscensePlate-98-_jpg.rf.69b991a6f806ea98f4f60d350edb4843.jpg,0,0.5334062500000001,0.4894722222222222,0.07259895833333332,0.10033333333333333
images/train\LiscensePlate-99-_jpg.rf.11e6d634b22128f26a3b846c48a451fd.jpg,0,0.37445833333333334,0.532324074074074,0.07877604166666667,0.11403703703703703
